id;razao_social;nome_fantasia;cnpj;user_id;email;aprovado;ativo;cidade;estado;logomarca
6a7a4fcfa3e5992c5a5cc2c5;Salomé e Prado Ind.& Com. Ltda-ME;Anilhas de Ferro;14.239.003/0000-19;6939b4af8b0d991779e4727e;lucas@anilhasdeferro.com.br;false;true;Cláudio;MG;https://base44.app/api/apps/68c9d5dd3cf0f8fd8a834875/files/mp/public/68c9d5dd3cf0f8fd8a834875/002c5e540_iconlogo.jpg
6a7a4fcfa3e5992c5a5cc2c6;Anilhas e Halteres Brasil;Anilhas e Halteres Brasil;31.829.741/0001-03;68f1e4539a5bf3f514f25e13;oneprotocol00@gmail.com;true;true;;;
6a7a4fcfa3e5992c5a5cc2c7;Planeta Vendas;Planeta Vendas;;6a3e7a752e6433bc0c64ee65;planetavendas@placefit.com.br;true;true;;;
6a7a4fcfa3e5992c5a5cc2c8;Muscular Fitness Brasil Ltda;Muscular Fitness;;69d6f84d5c6c399c73a7b0ea;leodamuscular@gmail.com;true;true;;;
6a7a4fcfa3e5992c5a5cc2c9;Caneleira e Cia;Caneleira e Cia;26.570.982/0001-40;69c31a8c207b67fcbe104fcf;caneleiraecia@placefit.com.br;true;true;;;
6a7a4fcfa3e5992c5a5cc2ca;Fabricante PlaceFit;Fabricante PlaceFit (TESTE);05850157670;697ae8a6b850379a29ee9f7f;fabricante@placefit.com.br;false;true;;;
6a7a4fcfa3e5992c5a5cc2cb;Fundição Santa Clara Ltda;Fundição Santa Clara;00.370.383/0001-90;697aebb810718fbec8c38bc4;cliente@placefit.com.br;true;true;;;
6a7a4fcfa3e5992c5a5cc2cc;Metal Forma;Metal Forma;32.973.090/0001-93;69c2e3a530bcb48d9952f1fa;metalforma@placefit.com.br;true;true;;;
6a7a4fcfa3e5992c5a5cc2cd;Anilha X;Anilha X;62.653.281/8001-60;69c30ebab1e2be3fe0ee2c53;anilhax@placefit.com.br;true;true;;;
6a7a4fcfa3e5992c5a5cc2ce;Fundição Unibrás;Fundição Unibrás;25.252.636/0001-22;692501cd1f8932be2c64970c;ignisbbq@gmail.com;true;true;;;
6a7a4fcfa3e5992c5a5cc2cf;CPFit;CPFit;14.918.330/0001-75;691cc44370bcc7de14e143fa;atendimento@caneleiradepeso.com.br;true;true;Contagem;MG;https://app.placefit.com.br/cpfit-logo.svg
6a7a4fcfa3e5992c5a5cc2d0;CrossRigs;CrossRigs;056.561.456/0001-22;68e6c50937ec60728c9432fd;cacaucastro471@gmail.com;true;true;;;https://base44.app/api/apps/68c9d5dd3cf0f8fd8a834875/files/mp/public/68c9d5dd3cf0f8fd8a834875/e8691d9db_image.png
6a7a4fcfa3e5992c5a5cc2d1;Planeta Fitness;Planeta Fitness;22.222.222/0001-22;69250604990d3894b04decc2;rubinho007@gmail.com;true;true;;;
6a7a4fcfa3e5992c5a5cc2d2;Minas Jump;Minas Jump;35.308.876/0001-84;69a8c939ab9f1960cf7d98af;luissalome1987@gmail.com;true;true;;;https://base44.app/api/apps/68c9d5dd3cf0f8fd8a834875/files/mp/public/68c9d5dd3cf0f8fd8a834875/2c1b6b092_logo_minas_jump.png
6a7a66b1a9a831fb2cbce629;Salomé e Prado Ind.& Com. Ltda-ME;Salomé e Prado Ind.& Com. Ltda-ME;14.239.003/0000-19;6a4e33d4165db6abf459b282;anilhasdeferro@placefit.com.br;true;true;;;https://base44.app/api/apps/68c9d5dd3cf0f8fd8a834875/files/mp/public/68c9d5dd3cf0f8fd8a834875/002c5e540_iconlogo.jpg
6a7a72ae9d7d60af7fcd1376;Furious Equipment;Furious Equipment;;;;true;true;Cláudio;MG;https://base44.app/api/apps/68c9d5dd3cf0f8fd8a834875/files/mp/public/68c9d5dd3cf0f8fd8a834875/677be464a_furius.png