id;supplier_id;chave;tipo_chave;cod_origem;descricao_origem;product_id;origem_match;confirmado_por;ativo
6ac27103e9a46ffd6610bd6d;68c9d5dd3cf0f8fd8a834876;AF071;codigo;AF-071;Piso Emborrachado 15Mm - 1,00 X 1,00;6ac2708ea3d41ee967220d8d;sku_exato;fatuex@gmail.com;true
6ac27103e9a46ffd6610bd6e;68c9d5dd3cf0f8fd8a834876;00 00 15mm emborrachado piso;nome;AF-071;Piso Emborrachado 15Mm - 1,00 X 1,00;6ac2708ea3d41ee967220d8d;sku_exato;fatuex@gmail.com;true
6ac28e5a221586d0a744f7bb;6a4e33d4165db6abf459b282;fabricante:6a7a4fcfa3e5992c5a5cc2c5:AF071;codigo;AF-071;Piso Emborrachado 15Mm - 1,00 X 1,00;6ac2708ea3d41ee967220d8d;sku_exato;fatuex@gmail.com;true
6ac28e5a25333c1254d7bc36;6a4e33d4165db6abf459b282;fabricante:6a7a4fcfa3e5992c5a5cc2c5:00 00 15mm emborrachado piso;nome;AF-071;Piso Emborrachado 15Mm - 1,00 X 1,00;6ac2708ea3d41ee967220d8d;sku_exato;fatuex@gmail.com;true
6ac28eee0d7ae26b33f8a2d7;6a4e33d4165db6abf459b282;fabricante:6a7a4fcfa3e5992c5a5cc2c5:AF003;codigo;AF-003;Halter Bola Injetado 1/2,1,2,3... 10 kg;6ac2708ea3d41ee967220d4e;sku_exato;fatuex@gmail.com;true
6ac28eee9d47356d4deb0a8e;6a4e33d4165db6abf459b282;fabricante:6a7a4fcfa3e5992c5a5cc2c5:AF001;codigo;AF-001;Halter Bola Pintado 1/2,1,2,3... 10 kg;6ac2708ea3d41ee967220d4c;sku_exato;fatuex@gmail.com;true
6ac28eee9deb68d49c929c42;6a4e33d4165db6abf459b282;fabricante:6a7a4fcfa3e5992c5a5cc2c5:AF002;codigo;AF-002;Halter Bola Emborrachado 1/2,1,2,3... 10 kg;6ac2708ea3d41ee967220d4d;sku_exato;fatuex@gmail.com;true
6ac28eeeee1c63a3bd46bef2;6a4e33d4165db6abf459b282;fabricante:6a7a4fcfa3e5992c5a5cc2c5:10 bola halter kg pintado;nome;AF-001;Halter Bola Pintado 1/2,1,2,3... 10 kg;6ac2708ea3d41ee967220d4c;sku_exato;fatuex@gmail.com;true
6ac28eeeef0f777a85c7ffb4;6a4e33d4165db6abf459b282;fabricante:6a7a4fcfa3e5992c5a5cc2c5:10 bola emborrachado halter kg;nome;AF-002;Halter Bola Emborrachado 1/2,1,2,3... 10 kg;6ac2708ea3d41ee967220d4d;sku_exato;fatuex@gmail.com;true
6ac28eef08ce624f54a6bbb7;6a4e33d4165db6abf459b282;fabricante:6a7a4fcfa3e5992c5a5cc2c5:10 bola halter injetado kg;nome;AF-003;Halter Bola Injetado 1/2,1,2,3... 10 kg;6ac2708ea3d41ee967220d4e;sku_exato;fatuex@gmail.com;true
6ac28eef13b9d026311e5e44;6a4e33d4165db6abf459b282;fabricante:6a7a4fcfa3e5992c5a5cc2c5:com cromada halter injetado kg pegada sextavado;nome;HSIC2;Halter Sextavado Injetado com Pegada Cromada - 2 kg;6a3e9f1164a9e1e30880a2ec;sku_exato;fatuex@gmail.com;true
6ac28eef353d45690a1aa215;6a4e33d4165db6abf459b282;fabricante:6a7a4fcfa3e5992c5a5cc2c5:HSIC3;codigo;HSIC3;Halter Sextavado Injetado com Pegada Cromada - 3 kg;6a3e9f1164a9e1e30880a2ed;sku_exato;fatuex@gmail.com;true
6ac28eef47f602e97745fc75;6a4e33d4165db6abf459b282;fabricante:6a7a4fcfa3e5992c5a5cc2c5:com cromada halter injetado kg pegada sextavado;nome;HSIC4;Halter Sextavado Injetado com Pegada Cromada - 4 kg;6a3e9f1164a9e1e30880a2ee;sku_exato;fatuex@gmail.com;true
6ac28eef5fc370487392d4e0;6a4e33d4165db6abf459b282;fabricante:6a7a4fcfa3e5992c5a5cc2c5:HSIC6;codigo;HSIC6;Halter Sextavado Injetado com Pegada Cromada - 6 kg;6a3e9f1164a9e1e30880a2f0;sku_exato;fatuex@gmail.com;true
6ac28eef88b9bbd09b3a30e8;6a4e33d4165db6abf459b282;fabricante:6a7a4fcfa3e5992c5a5cc2c5:HSIC4;codigo;HSIC4;Halter Sextavado Injetado com Pegada Cromada - 4 kg;6a3e9f1164a9e1e30880a2ee;sku_exato;fatuex@gmail.com;true
6ac28eef962e9669f887abbb;6a4e33d4165db6abf459b282;fabricante:6a7a4fcfa3e5992c5a5cc2c5:com cromada halter injetado kg pegada sextavado;nome;HSIC3;Halter Sextavado Injetado com Pegada Cromada - 3 kg;6a3e9f1164a9e1e30880a2ed;sku_exato;fatuex@gmail.com;true
6ac28eef9de5fd3b098a1509;6a4e33d4165db6abf459b282;fabricante:6a7a4fcfa3e5992c5a5cc2c5:HSIC5;codigo;HSIC5;Halter Sextavado Injetado com Pegada Cromada - 5 kg;6a3e9f1164a9e1e30880a2ef;sku_exato;fatuex@gmail.com;true
6ac28eefe99bd9fdfa52cadf;6a4e33d4165db6abf459b282;fabricante:6a7a4fcfa3e5992c5a5cc2c5:com cromada halter injetado kg pegada sextavado;nome;HSIC5;Halter Sextavado Injetado com Pegada Cromada - 5 kg;6a3e9f1164a9e1e30880a2ef;sku_exato;fatuex@gmail.com;true
6ac28eefeb204be1bd79ee9b;6a4e33d4165db6abf459b282;fabricante:6a7a4fcfa3e5992c5a5cc2c5:HSIC2;codigo;HSIC2;Halter Sextavado Injetado com Pegada Cromada - 2 kg;6a3e9f1164a9e1e30880a2ec;sku_exato;fatuex@gmail.com;true
6ac28eeff59de537f3e4249b;6a4e33d4165db6abf459b282;fabricante:6a7a4fcfa3e5992c5a5cc2c5:com cromada halter injetado kg pegada sextavado;nome;HSIC1;Halter Sextavado Injetado com Pegada Cromada - 1 kg;6a3e9f1164a9e1e30880a2eb;sku_exato;fatuex@gmail.com;true
6ac28eefff191cfbd18183de;6a4e33d4165db6abf459b282;fabricante:6a7a4fcfa3e5992c5a5cc2c5:HSIC1;codigo;HSIC1;Halter Sextavado Injetado com Pegada Cromada - 1 kg;6a3e9f1164a9e1e30880a2eb;sku_exato;fatuex@gmail.com;true
6ac28ef02b21918992427472;6a4e33d4165db6abf459b282;fabricante:6a7a4fcfa3e5992c5a5cc2c5:com cromada halter injetado kg pegada sextavado;nome;HSIC8;Halter Sextavado Injetado com Pegada Cromada - 8 kg;6a3e9f1164a9e1e30880a2f2;sku_exato;fatuex@gmail.com;true
6ac28ef0573c7ac8ead2bc2a;6a4e33d4165db6abf459b282;fabricante:6a7a4fcfa3e5992c5a5cc2c5:HSIC8;codigo;HSIC8;Halter Sextavado Injetado com Pegada Cromada - 8 kg;6a3e9f1164a9e1e30880a2f2;sku_exato;fatuex@gmail.com;true
6ac28ef091f783fe36393e4c;6a4e33d4165db6abf459b282;fabricante:6a7a4fcfa3e5992c5a5cc2c5:HSIC10;codigo;HSIC10;Halter Sextavado Injetado com Pegada Cromada - 10 kg;6a3e9f1164a9e1e30880a2f4;sku_exato;fatuex@gmail.com;true
6ac28ef0aaef12475fa6369d;6a4e33d4165db6abf459b282;fabricante:6a7a4fcfa3e5992c5a5cc2c5:com cromada halter injetado kg pegada sextavado;nome;HSIC9;Halter Sextavado Injetado com Pegada Cromada - 9 kg;6a3e9f1164a9e1e30880a2f3;sku_exato;fatuex@gmail.com;true
6ac28ef0b4bb7644be4b214d;6a4e33d4165db6abf459b282;fabricante:6a7a4fcfa3e5992c5a5cc2c5:10 com cromada halter injetado kg pegada sextavado;nome;HSIC10;Halter Sextavado Injetado com Pegada Cromada - 10 kg;6a3e9f1164a9e1e30880a2f4;sku_exato;fatuex@gmail.com;true
6ac28ef0e01a6193cb31fe0b;6a4e33d4165db6abf459b282;fabricante:6a7a4fcfa3e5992c5a5cc2c5:com cromada halter injetado kg pegada sextavado;nome;HSIC6;Halter Sextavado Injetado com Pegada Cromada - 6 kg;6a3e9f1164a9e1e30880a2f0;sku_exato;fatuex@gmail.com;true
6ac28ef0e542e67e09c21d02;6a4e33d4165db6abf459b282;fabricante:6a7a4fcfa3e5992c5a5cc2c5:HSIC9;codigo;HSIC9;Halter Sextavado Injetado com Pegada Cromada - 9 kg;6a3e9f1164a9e1e30880a2f3;sku_exato;fatuex@gmail.com;true
6ac28ef0e7e9f5082527610d;6a4e33d4165db6abf459b282;fabricante:6a7a4fcfa3e5992c5a5cc2c5:com cromada halter injetado kg pegada sextavado;nome;HSIC7;Halter Sextavado Injetado com Pegada Cromada - 7 kg;6a3e9f1164a9e1e30880a2f1;sku_exato;fatuex@gmail.com;true
6ac28ef0f7a2c2e3144d4cb8;6a4e33d4165db6abf459b282;fabricante:6a7a4fcfa3e5992c5a5cc2c5:HSIC7;codigo;HSIC7;Halter Sextavado Injetado com Pegada Cromada - 7 kg;6a3e9f1164a9e1e30880a2f1;sku_exato;fatuex@gmail.com;true
6ac28f51220764ab5b886c28;6a4e33d4165db6abf459b282;fabricante:6a7a4fcfa3e5992c5a5cc2c5:KETN003;codigo;KET-N003;Kettlebell Emborrachado com Alça Preta Pintada;6a7b13c0603b667969eea356;sku_exato;fatuex@gmail.com;true
6ac28f51e95f04a60f28a4a5;6a4e33d4165db6abf459b282;fabricante:6a7a4fcfa3e5992c5a5cc2c5:alca com emborrachado kettlebell pintada preta;nome;KET-N003;Kettlebell Emborrachado com Alça Preta Pintada;6a7b13c0603b667969eea356;sku_exato;fatuex@gmail.com;true
6ac28f867213adbafa604af8;6a4e33d4165db6abf459b282;fabricante:6a7a4fcfa3e5992c5a5cc2c5:12 14 16 50kg dumbbell injetado inox monobloco pegada sextavado;nome;DUM-N051;Dumbbell Monobloco Sextavado Injetado - Pegada INOX 12,14,16 ... 50kg;6a7f9c33903d2708a0eb3acc;sku_exato;fatuex@gmail.com;true
6ac28f868b09b414582dd980;6a4e33d4165db6abf459b282;fabricante:6a7a4fcfa3e5992c5a5cc2c5:10 50 cromada dumbbell em evolution injetado kg pegada;nome;AF-005;Dumbell Injetado EVOLUTION ( Pegada em CROMADA ) 6,8,10...50 Kg;6ac2708ea3d41ee967220d50;sku_exato;fatuex@gmail.com;true
6ac28f86ad4799bdda2eb244;6a4e33d4165db6abf459b282;fabricante:6a7a4fcfa3e5992c5a5cc2c5:AF005;codigo;AF-005;Dumbell Injetado EVOLUTION ( Pegada em CROMADA ) 6,8,10...50 Kg;6ac2708ea3d41ee967220d50;sku_exato;fatuex@gmail.com;true
6ac28f86b59a0540e4a7a351;6a4e33d4165db6abf459b282;fabricante:6a7a4fcfa3e5992c5a5cc2c5:AF004;codigo;AF-004;Dumbell Injetado EVOLUTION ( Pegada em INJETADA ) 6,8,10...50 Kg;6ac2708ea3d41ee967220d4f;sku_exato;fatuex@gmail.com;true
6ac28f86d31890a5ca99ad91;6a4e33d4165db6abf459b282;fabricante:6a7a4fcfa3e5992c5a5cc2c5:10 50 dumbbell em evolution injetada injetado kg pegada;nome;AF-004;Dumbell Injetado EVOLUTION ( Pegada em INJETADA ) 6,8,10...50 Kg;6ac2708ea3d41ee967220d4f;sku_exato;fatuex@gmail.com;true
6ac28f86fd4ec6c4d79c7518;6a4e33d4165db6abf459b282;fabricante:6a7a4fcfa3e5992c5a5cc2c5:DUMN051;codigo;DUM-N051;Dumbbell Monobloco Sextavado Injetado - Pegada INOX 12,14,16 ... 50kg;6a7f9c33903d2708a0eb3acc;sku_exato;fatuex@gmail.com;true
6ac28fc539f5a3526f8be39f;6a4e33d4165db6abf459b282;fabricante:6a7a4fcfa3e5992c5a5cc2c5:10 central jau kg pino pintado tijolinho;nome;AF-010;Tijolinho Jaú Pintado - Pino central 5 e 10 Kg;6ac2708ea3d41ee967220d53;sku_exato;fatuex@gmail.com;true
6ac28fc54661603e61416f34;6a4e33d4165db6abf459b282;fabricante:6a7a4fcfa3e5992c5a5cc2c5:AF008;codigo;AF-008;Guia Tijolinho Jaú Injetada 6 kg - Furo Redondo / Furo Retangular;6ac2708ea3d41ee967220d52;sku_exato;fatuex@gmail.com;true
6ac28fc55db2201b2fe0ad97;6a4e33d4165db6abf459b282;fabricante:6a7a4fcfa3e5992c5a5cc2c5:acabamento cores evolution guia injetado tijolinho;nome;AF-007;Acabamento Tijolinho/Guia Injetado Evolution - Cores;6ac2708ea3d41ee967220d51;sku_exato;fatuex@gmail.com;true
6ac28fc583eb1ecc34a57a5e;6a4e33d4165db6abf459b282;fabricante:6a7a4fcfa3e5992c5a5cc2c5:AF011;codigo;AF-011;Guia Tijolinho Jaú Pintada 7 kg - Furo Redondo / Furo Retangular;6ac2708ea3d41ee967220d54;sku_exato;fatuex@gmail.com;true
6ac28fc584cce698042bb911;6a4e33d4165db6abf459b282;fabricante:6a7a4fcfa3e5992c5a5cc2c5:furo furo guia injetada jau kg redondo retangular tijolinho;nome;AF-008;Guia Tijolinho Jaú Injetada 6 kg - Furo Redondo / Furo Retangular;6ac2708ea3d41ee967220d52;sku_exato;fatuex@gmail.com;true
6ac28fc5ce3a7f35b6565271;6a4e33d4165db6abf459b282;fabricante:6a7a4fcfa3e5992c5a5cc2c5:AF007;codigo;AF-007;Acabamento Tijolinho/Guia Injetado Evolution - Cores;6ac2708ea3d41ee967220d51;sku_exato;fatuex@gmail.com;true
6ac28fc5d766aeca19898fef;6a4e33d4165db6abf459b282;fabricante:6a7a4fcfa3e5992c5a5cc2c5:furo furo guia jau kg pintada redondo retangular tijolinho;nome;AF-011;Guia Tijolinho Jaú Pintada 7 kg - Furo Redondo / Furo Retangular;6ac2708ea3d41ee967220d54;sku_exato;fatuex@gmail.com;true
6ac28fc5d9b5341aea98a714;6a4e33d4165db6abf459b282;fabricante:6a7a4fcfa3e5992c5a5cc2c5:AF010;codigo;AF-010;Tijolinho Jaú Pintado - Pino central 5 e 10 Kg;6ac2708ea3d41ee967220d53;sku_exato;fatuex@gmail.com;true
6ac28fc620fe9f0d704621c8;6a4e33d4165db6abf459b282;fabricante:6a7a4fcfa3e5992c5a5cc2c5:10 kg pintado quadrado rt tijolinho;nome;TIJ-N018;Tijolinho Quadrado RT Pintado 5 e 10 Kg;6a7b141aa9c5d531620db96c;sku_exato;fatuex@gmail.com;true
6ac28fc64b05ecc60df94ad1;6a4e33d4165db6abf459b282;fabricante:6a7a4fcfa3e5992c5a5cc2c5:AF014;codigo;AF-014;Bucha para Guia Injetado PP 1" ou 7/8;6ac2708ea3d41ee967220d56;sku_exato;fatuex@gmail.com;true
6ac28fc664b8ce38cd49fe14;6a4e33d4165db6abf459b282;fabricante:6a7a4fcfa3e5992c5a5cc2c5:AF013;codigo;AF-013;Batente de Guia Tijolinho - 1" ou 1/8";6ac2708ea3d41ee967220d55;sku_exato;fatuex@gmail.com;true
6ac28fc6660094fd87b193b2;6a4e33d4165db6abf459b282;fabricante:6a7a4fcfa3e5992c5a5cc2c5:AF015;codigo;AF-015;Bucha para Guia Jaú PP 1" ou 7/8;6ac2708ea3d41ee967220d57;sku_exato;fatuex@gmail.com;true
6ac28fc6727e7c86b7d3b9cc;6a4e33d4165db6abf459b282;fabricante:6a7a4fcfa3e5992c5a5cc2c5:TIJN018;codigo;TIJ-N018;Tijolinho Quadrado RT Pintado 5 e 10 Kg;6a7b141aa9c5d531620db96c;sku_exato;fatuex@gmail.com;true
6ac28fc68de256a53bfc2614;6a4e33d4165db6abf459b282;fabricante:6a7a4fcfa3e5992c5a5cc2c5:batente de guia ou tijolinho;nome;AF-013;Batente de Guia Tijolinho - 1" ou 1/8";6ac2708ea3d41ee967220d55;sku_exato;fatuex@gmail.com;true
6ac28fc68f7f57284c5aedce;6a4e33d4165db6abf459b282;fabricante:6a7a4fcfa3e5992c5a5cc2c5:bucha guia injetado ou para pp;nome;AF-014;Bucha para Guia Injetado PP 1" ou 7/8;6ac2708ea3d41ee967220d56;sku_exato;fatuex@gmail.com;true
6ac28fc6ba490080b2fa672a;6a4e33d4165db6abf459b282;fabricante:6a7a4fcfa3e5992c5a5cc2c5:bucha guia jau ou para pp;nome;AF-015;Bucha para Guia Jaú PP 1" ou 7/8;6ac2708ea3d41ee967220d57;sku_exato;fatuex@gmail.com;true
6ac28fc6ea419a3573c32c28;6a4e33d4165db6abf459b282;fabricante:6a7a4fcfa3e5992c5a5cc2c5:TIJN011;codigo;TIJ-N011;Bucha Guia Injetado 1";6a7b141aa9c5d531620db965;sku_exato;fatuex@gmail.com;true
6ac28fc90460821d23a23f6e;6a4e33d4165db6abf459b282;fabricante:6a7a4fcfa3e5992c5a5cc2c5:bucha jau tijolinho;nome;TIJ-N010;Bucha Tijolinho Jaú 1";6a7b141aa9c5d531620db964;sku_exato;fatuex@gmail.com;true
6ac28fc910834d9d72243c72;6a4e33d4165db6abf459b282;fabricante:6a7a4fcfa3e5992c5a5cc2c5:TIJN010;codigo;TIJ-N010;Bucha Tijolinho Jaú 1";6a7b141aa9c5d531620db964;sku_exato;fatuex@gmail.com;true
6ac28fc94b730f1f99ef681e;6a4e33d4165db6abf459b282;fabricante:6a7a4fcfa3e5992c5a5cc2c5:TIJN009;codigo;TIJ-N009;Bucha Tijolinho Injetado 7/8";6a7b141aa9c5d531620db963;sku_exato;fatuex@gmail.com;true
6ac28fc9508ae5f0b13cc954;6a4e33d4165db6abf459b282;fabricante:6a7a4fcfa3e5992c5a5cc2c5:TIJN008;codigo;TIJ-N008;Bucha Tijolinho Injetado 1";6a7b141aa9c5d531620db962;sku_exato;fatuex@gmail.com;true
6ac28fc952a1aca98d68ee77;6a4e33d4165db6abf459b282;fabricante:6a7a4fcfa3e5992c5a5cc2c5:bucha guia jau;nome;TIJ-N014;Bucha Guia Jaú 7/8";6a7b141aa9c5d531620db968;sku_exato;fatuex@gmail.com;true
6ac28fc952a1aca98d68ee78;6a4e33d4165db6abf459b282;fabricante:6a7a4fcfa3e5992c5a5cc2c5:TIJN020;codigo;TIJ-N020;Acabamento Tijolinho/Guia Injetado Evolution - Cores;6a7b141aa9c5d531620db96e;sku_exato;fatuex@gmail.com;true
6ac28fc95366b492e746fe1a;6a4e33d4165db6abf459b282;fabricante:6a7a4fcfa3e5992c5a5cc2c5:bucha injetado tijolinho;nome;TIJ-N008;Bucha Tijolinho Injetado 1";6a7b141aa9c5d531620db962;sku_exato;fatuex@gmail.com;true
6ac28fc974437cb391bff0f0;6a4e33d4165db6abf459b282;fabricante:6a7a4fcfa3e5992c5a5cc2c5:bucha injetado tijolinho;nome;TIJ-N009;Bucha Tijolinho Injetado 7/8";6a7b141aa9c5d531620db963;sku_exato;fatuex@gmail.com;true
6ac28fc976ac52af5d188116;6a4e33d4165db6abf459b282;fabricante:6a7a4fcfa3e5992c5a5cc2c5:TIJN012;codigo;TIJ-N012;Bucha Guia Injetado 7/8";6a7b141aa9c5d531620db966;sku_exato;fatuex@gmail.com;true
6ac28fc9885804823a9145de;6a4e33d4165db6abf459b282;fabricante:6a7a4fcfa3e5992c5a5cc2c5:TIJN013;codigo;TIJ-N013;Bucha Guia Jaú 1";6a7b141aa9c5d531620db967;sku_exato;fatuex@gmail.com;true
6ac28fc9afe860d4cccbf70c;6a4e33d4165db6abf459b282;fabricante:6a7a4fcfa3e5992c5a5cc2c5:bucha guia injetado;nome;TIJ-N012;Bucha Guia Injetado 7/8";6a7b141aa9c5d531620db966;sku_exato;fatuex@gmail.com;true
6ac28fc9b24b7cd4b7b2bef3;6a4e33d4165db6abf459b282;fabricante:6a7a4fcfa3e5992c5a5cc2c5:TIJN014;codigo;TIJ-N014;Bucha Guia Jaú 7/8";6a7b141aa9c5d531620db968;sku_exato;fatuex@gmail.com;true
6ac28fc9c1eceac952da0032;6a4e33d4165db6abf459b282;fabricante:6a7a4fcfa3e5992c5a5cc2c5:bucha guia injetado;nome;TIJ-N011;Bucha Guia Injetado 1";6a7b141aa9c5d531620db965;sku_exato;fatuex@gmail.com;true
6ac28fc9f2524720bdc4c12a;6a4e33d4165db6abf459b282;fabricante:6a7a4fcfa3e5992c5a5cc2c5:bucha guia jau;nome;TIJ-N013;Bucha Guia Jaú 1";6a7b141aa9c5d531620db967;sku_exato;fatuex@gmail.com;true
6ac28fcafaa12427b114909b;6a4e33d4165db6abf459b282;fabricante:6a7a4fcfa3e5992c5a5cc2c5:acabamento cores evolution guia injetado tijolinho;nome;TIJ-N020;Acabamento Tijolinho/Guia Injetado Evolution - Cores;6a7b141aa9c5d531620db96e;sku_exato;fatuex@gmail.com;true
6ac28ffd016ba95e697febc6;6a4e33d4165db6abf459b282;fabricante:6a7a4fcfa3e5992c5a5cc2c5:ASRO2;codigo;ASRO2;Anilha Sport Olímpica Emborrachada;6a3de23bc03bf79c138cbc74;sku_exato;fatuex@gmail.com;true
6ac28ffd3bdacf5290b513bb;6a4e33d4165db6abf459b282;fabricante:6a7a4fcfa3e5992c5a5cc2c5:25 anel anilha cromada evo inox kg niquel;nome;ANI-N064;Anilha EVO NIQUEL - Cromada - Anel inox 5 a 25 Kg;6a7b134f920160ed9c20e85d;sku_exato;fatuex@gmail.com;true
6ac28ffd3d0ef1811d2e6834;6a4e33d4165db6abf459b282;fabricante:6a7a4fcfa3e5992c5a5cc2c5:ASRO1;codigo;ASRO1;Anilha Sport Olímpica Emborrachada;6a3de23bc03bf79c138cbc73;sku_exato;fatuex@gmail.com;true
6ac28ffd3ffca1b2b52e6edd;6a4e33d4165db6abf459b282;fabricante:6a7a4fcfa3e5992c5a5cc2c5:ASRO4;codigo;ASRO4;Anilha Sport Olímpica Emborrachada;6a3de23bc03bf79c138cbc76;sku_exato;fatuex@gmail.com;true
6ac28ffd6b80431255068e69;6a4e33d4165db6abf459b282;fabricante:6a7a4fcfa3e5992c5a5cc2c5:ASRO3;codigo;ASRO3;Anilha Sport Olímpica Emborrachada;6a3de23bc03bf79c138cbc75;sku_exato;fatuex@gmail.com;true
6ac28ffd83b5308df72ebfb4;6a4e33d4165db6abf459b282;fabricante:6a7a4fcfa3e5992c5a5cc2c5:anilha emborrachada olimpica sport;nome;ASRO5;Anilha Sport Olímpica Emborrachada;6a3de23bc03bf79c138cbc77;sku_exato;fatuex@gmail.com;true
6ac28ffd957e45ca28d9a1bd;6a4e33d4165db6abf459b282;fabricante:6a7a4fcfa3e5992c5a5cc2c5:anilha emborrachada olimpica sport;nome;ASRO3;Anilha Sport Olímpica Emborrachada;6a3de23bc03bf79c138cbc75;sku_exato;fatuex@gmail.com;true
6ac28ffd9b4ecd2d6644f4e5;6a4e33d4165db6abf459b282;fabricante:6a7a4fcfa3e5992c5a5cc2c5:25 anel anilha cromada inox kg niquel raios;nome;ANI-N065;Anilha RAIOS NIQUEL - Cromada -Anel inox 5 a 25 Kg;6a7b134f920160ed9c20e85e;sku_exato;fatuex@gmail.com;true
6ac28ffd9dcbf4abea4aff7c;6a4e33d4165db6abf459b282;fabricante:6a7a4fcfa3e5992c5a5cc2c5:ASRO10;codigo;ASRO10;Anilha Sport Olímpica Emborrachada;6a3de23bc03bf79c138cbc78;sku_exato;fatuex@gmail.com;true
6ac28ffda605e87407fb0a26;6a4e33d4165db6abf459b282;fabricante:6a7a4fcfa3e5992c5a5cc2c5:ANIN064;codigo;ANI-N064;Anilha EVO NIQUEL - Cromada - Anel inox 5 a 25 Kg;6a7b134f920160ed9c20e85d;sku_exato;fatuex@gmail.com;true
6ac28ffda834740283405611;6a4e33d4165db6abf459b282;fabricante:6a7a4fcfa3e5992c5a5cc2c5:anilha emborrachada olimpica sport;nome;ASRO1;Anilha Sport Olímpica Emborrachada;6a3de23bc03bf79c138cbc73;sku_exato;fatuex@gmail.com;true
6ac28ffdb917f0f3a485e08f;6a4e33d4165db6abf459b282;fabricante:6a7a4fcfa3e5992c5a5cc2c5:anilha emborrachada olimpica sport;nome;ASRO4;Anilha Sport Olímpica Emborrachada;6a3de23bc03bf79c138cbc76;sku_exato;fatuex@gmail.com;true
6ac28ffdd11a7b11f51b3ff4;6a4e33d4165db6abf459b282;fabricante:6a7a4fcfa3e5992c5a5cc2c5:ANIN065;codigo;ANI-N065;Anilha RAIOS NIQUEL - Cromada -Anel inox 5 a 25 Kg;6a7b134f920160ed9c20e85e;sku_exato;fatuex@gmail.com;true
6ac28ffde474978395cd30d5;6a4e33d4165db6abf459b282;fabricante:6a7a4fcfa3e5992c5a5cc2c5:anilha emborrachada olimpica sport;nome;ASRO2;Anilha Sport Olímpica Emborrachada;6a3de23bc03bf79c138cbc74;sku_exato;fatuex@gmail.com;true
6ac28ffdfec105fb4b1cf16b;6a4e33d4165db6abf459b282;fabricante:6a7a4fcfa3e5992c5a5cc2c5:ASRO5;codigo;ASRO5;Anilha Sport Olímpica Emborrachada;6a3de23bc03bf79c138cbc77;sku_exato;fatuex@gmail.com;true
6ac28ffe134195ae5dc72577;6a4e33d4165db6abf459b282;fabricante:6a7a4fcfa3e5992c5a5cc2c5:25 anel anilha injetada inox kg olimpica pro;nome;ANI-N062;Anilha Injetada PRO Olímpica - Anel Inox 2,5 a 25 Kg;6a7b134f920160ed9c20e85b;sku_exato;fatuex@gmail.com;true
6ac28ffe14db0f90877577c6;6a4e33d4165db6abf459b282;fabricante:6a7a4fcfa3e5992c5a5cc2c5:anilha emborrachada olimpica sport;nome;ASRO10;Anilha Sport Olímpica Emborrachada;6a3de23bc03bf79c138cbc78;sku_exato;fatuex@gmail.com;true
6ac28ffe332f93d4b62fbcc8;6a4e33d4165db6abf459b282;fabricante:6a7a4fcfa3e5992c5a5cc2c5:ANIN063;codigo;ANI-N063;Anilha CROMOMETAL Olímpica - 2,5 a 25 Kg;6a7b134f920160ed9c20e85c;sku_exato;fatuex@gmail.com;true
6ac28ffe3986703b267b78af;6a4e33d4165db6abf459b282;fabricante:6a7a4fcfa3e5992c5a5cc2c5:30 anel anilha evolution injetada inox kg olimpica;nome;ANI-N061;Anilha Injetada Evolution Olímpica - Anel Inox 1 a 30 Kg;6a7b134f920160ed9c20e85a;sku_exato;fatuex@gmail.com;true
6ac28ffe5f42c330171bd20a;6a4e33d4165db6abf459b282;fabricante:6a7a4fcfa3e5992c5a5cc2c5:anilha emborrachada olimpica sport;nome;ASRO25;Anilha Sport Olímpica Emborrachada;6a3de23bc03bf79c138cbc7b;sku_exato;fatuex@gmail.com;true
6ac28ffe833f47aaf0390e24;6a4e33d4165db6abf459b282;fabricante:6a7a4fcfa3e5992c5a5cc2c5:anilha emborrachada olimpica sport;nome;ASRO15;Anilha Sport Olímpica Emborrachada;6a3de23bc03bf79c138cbc79;sku_exato;fatuex@gmail.com;true
6ac28ffe839ec33d35b48837;6a4e33d4165db6abf459b282;fabricante:6a7a4fcfa3e5992c5a5cc2c5:30 anel anilha evolution injetada inox kg;nome;ANI-N060;Anilha Injetada Evolution - Anel Inox 1 a 30 Kg;6a7b134f920160ed9c20e859;sku_exato;fatuex@gmail.com;true
6ac28ffe861d3e780b1eccce;6a4e33d4165db6abf459b282;fabricante:6a7a4fcfa3e5992c5a5cc2c5:ASRO25;codigo;ASRO25;Anilha Sport Olímpica Emborrachada;6a3de23bc03bf79c138cbc7b;sku_exato;fatuex@gmail.com;true
6ac28ffe96f7b01dbf2764a8;6a4e33d4165db6abf459b282;fabricante:6a7a4fcfa3e5992c5a5cc2c5:ANIN060;codigo;ANI-N060;Anilha Injetada Evolution - Anel Inox 1 a 30 Kg;6a7b134f920160ed9c20e859;sku_exato;fatuex@gmail.com;true
6ac28ffe9716e04537aa2b08;6a4e33d4165db6abf459b282;fabricante:6a7a4fcfa3e5992c5a5cc2c5:25 anilha cromometal kg olimpica;nome;ANI-N063;Anilha CROMOMETAL Olímpica - 2,5 a 25 Kg;6a7b134f920160ed9c20e85c;sku_exato;fatuex@gmail.com;true
6ac28ffea8b84f75bdb0a655;6a4e33d4165db6abf459b282;fabricante:6a7a4fcfa3e5992c5a5cc2c5:anilha emborrachada olimpica sport;nome;ASRO20;Anilha Sport Olímpica Emborrachada;6a3de23bc03bf79c138cbc7a;sku_exato;fatuex@gmail.com;true
6ac28ffea8b84f75bdb0a657;6a4e33d4165db6abf459b282;fabricante:6a7a4fcfa3e5992c5a5cc2c5:ANIN062;codigo;ANI-N062;Anilha Injetada PRO Olímpica - Anel Inox 2,5 a 25 Kg;6a7b134f920160ed9c20e85b;sku_exato;fatuex@gmail.com;true
6ac28ffebe36328f7b126f03;6a4e33d4165db6abf459b282;fabricante:6a7a4fcfa3e5992c5a5cc2c5:ASRO20;codigo;ASRO20;Anilha Sport Olímpica Emborrachada;6a3de23bc03bf79c138cbc7a;sku_exato;fatuex@gmail.com;true
6ac28ffecb2f1bb34651d4b4;6a4e33d4165db6abf459b282;fabricante:6a7a4fcfa3e5992c5a5cc2c5:ASRO15;codigo;ASRO15;Anilha Sport Olímpica Emborrachada;6a3de23bc03bf79c138cbc79;sku_exato;fatuex@gmail.com;true
6ac28ffed425b09c8d6eeb2c;6a4e33d4165db6abf459b282;fabricante:6a7a4fcfa3e5992c5a5cc2c5:ANIN061;codigo;ANI-N061;Anilha Injetada Evolution Olímpica - Anel Inox 1 a 30 Kg;6a7b134f920160ed9c20e85a;sku_exato;fatuex@gmail.com;true
6ac28fff3e808e2f1b1b1c76;6a4e33d4165db6abf459b282;fabricante:6a7a4fcfa3e5992c5a5cc2c5:ANIN066;codigo;ANI-N066;Anilha Bumper - Bumper Padrao;6a7b134f920160ed9c20e85f;sku_exato;fatuex@gmail.com;true
6ac28fffd6c201129c883961;6a4e33d4165db6abf459b282;fabricante:6a7a4fcfa3e5992c5a5cc2c5:anilha bumper bumper padrao;nome;ANI-N066;Anilha Bumper - Bumper Padrao;6a7b134f920160ed9c20e85f;sku_exato;fatuex@gmail.com;true
6ac2905b0d13a142ef8a81ed;6a4e33d4165db6abf459b282;fabricante:6a7a4fcfa3e5992c5a5cc2c5:BAR038;codigo;BAR-038;Barra Hexagonal Maciça Preta - Pegada Cromada Recartilhada;6a57bd17f3c30862052b598a;sku_exato;fatuex@gmail.com;true
6ac2905b6e9bfec6f311511d;6a4e33d4165db6abf459b282;fabricante:6a7a4fcfa3e5992c5a5cc2c5:BAR039;codigo;BAR-039;Barra Hexagonal Maciça Preta - Pegada Cromada Recartilhada OLÍMPICA;6a57bd17f3c30862052b598b;sku_exato;fatuex@gmail.com;true
6ac2905b97aac36cb9c28a38;6a4e33d4165db6abf459b282;fabricante:6a7a4fcfa3e5992c5a5cc2c5:barra cromada hexagonal pegada preta recartilhada tubular;nome;BAR-040;Barra Hexagonal Tubular Preta - Pegada Cromada Recartilhada;6a57bd17f3c30862052b598c;sku_exato;fatuex@gmail.com;true
6ac2905bf060c1aec68e7052;6a4e33d4165db6abf459b282;fabricante:6a7a4fcfa3e5992c5a5cc2c5:barra cromada hexagonal macica pegada preta recartilhada;nome;BAR-038;Barra Hexagonal Maciça Preta - Pegada Cromada Recartilhada;6a57bd17f3c30862052b598a;sku_exato;fatuex@gmail.com;true
6ac2905bfd79f4fa7fff5b4b;6a4e33d4165db6abf459b282;fabricante:6a7a4fcfa3e5992c5a5cc2c5:BAR040;codigo;BAR-040;Barra Hexagonal Tubular Preta - Pegada Cromada Recartilhada;6a57bd17f3c30862052b598c;sku_exato;fatuex@gmail.com;true
6ac2905c176f75c83d3caa1f;6a4e33d4165db6abf459b282;fabricante:6a7a4fcfa3e5992c5a5cc2c5:BAR061;codigo;BAR-061;BARRA OLÍMPICA H C/ rolamento;6a57bd17f3c30862052b59a1;sku_exato;fatuex@gmail.com;true
6ac2905c1da40a0f371d55b0;6a4e33d4165db6abf459b282;fabricante:6a7a4fcfa3e5992c5a5cc2c5:BARN020;codigo;BAR-N020;Barras RETA Montadas SEXTAVADA MONOBLOCO Injetada 10 a 50 kg;6a7b13c0603b667969eea320;sku_exato;fatuex@gmail.com;true
6ac2905c1ed9c3cacfa72518;6a4e33d4165db6abf459b282;fabricante:6a7a4fcfa3e5992c5a5cc2c5:10 50 barras injetada kg monobloco montadas reta sextavada;nome;BAR-N020;Barras RETA Montadas SEXTAVADA MONOBLOCO Injetada 10 a 50 kg;6a7b13c0603b667969eea320;sku_exato;fatuex@gmail.com;true
6ac2905c28e62bb47aff1d50;6a4e33d4165db6abf459b282;fabricante:6a7a4fcfa3e5992c5a5cc2c5:barra cromada hexagonal macica olimpica pegada preta recartilhada;nome;BAR-039;Barra Hexagonal Maciça Preta - Pegada Cromada Recartilhada OLÍMPICA;6a57bd17f3c30862052b598b;sku_exato;fatuex@gmail.com;true
6ac2905c39a059b893d1b1cb;6a4e33d4165db6abf459b282;fabricante:6a7a4fcfa3e5992c5a5cc2c5:06 50 anilha barra com injetadas kg montada;nome;ANI-N067;Barra Montada com Anilhas Injetadas 06 a 50 Kg;6a7b134f920160ed9c20e860;sku_exato;fatuex@gmail.com;true
6ac2905c486d49e4447f7537;6a4e33d4165db6abf459b282;fabricante:6a7a4fcfa3e5992c5a5cc2c5:BARN019;codigo;BAR-N019;Barras W Montadas SEXTAVADA MONOBLOCO Injetada 10 a 50 kg;6a7b13c0603b667969eea31f;sku_exato;fatuex@gmail.com;true
6ac2905c58d3e8bfeb3b9d31;6a4e33d4165db6abf459b282;fabricante:6a7a4fcfa3e5992c5a5cc2c5:BAR060;codigo;BAR-060;BARRA OLÍMPICA W C/ rolamento;6a57bd17f3c30862052b59a0;sku_exato;fatuex@gmail.com;true
6ac2905c6fb03c982dbf1a4e;6a4e33d4165db6abf459b282;fabricante:6a7a4fcfa3e5992c5a5cc2c5:ANIN069;codigo;ANI-N069;Barra Montada com Anilhas Pintadas 06 a 32 Kg;6a7b134f920160ed9c20e862;sku_exato;fatuex@gmail.com;true
6ac2905c9c2cf80c5bf6ecfc;6a4e33d4165db6abf459b282;fabricante:6a7a4fcfa3e5992c5a5cc2c5:06 50 anilha barra com emborrachada kg montada;nome;ANI-N068;Barra Montada com Anilhas Emborrachada 06 a 50 Kg;6a7b134f920160ed9c20e861;sku_exato;fatuex@gmail.com;true
6ac2905c9c2cf80c5bf6ecfd;6a4e33d4165db6abf459b282;fabricante:6a7a4fcfa3e5992c5a5cc2c5:barra olimpica rolamento;nome;BAR-061;BARRA OLÍMPICA H C/ rolamento;6a57bd17f3c30862052b59a1;sku_exato;fatuex@gmail.com;true
6ac2905cc340d39d75198881;6a4e33d4165db6abf459b282;fabricante:6a7a4fcfa3e5992c5a5cc2c5:ANIN067;codigo;ANI-N067;Barra Montada com Anilhas Injetadas 06 a 50 Kg;6a7b134f920160ed9c20e860;sku_exato;fatuex@gmail.com;true
6ac2905cd425b09c8d6eeb81;6a4e33d4165db6abf459b282;fabricante:6a7a4fcfa3e5992c5a5cc2c5:ANIN068;codigo;ANI-N068;Barra Montada com Anilhas Emborrachada 06 a 50 Kg;6a7b134f920160ed9c20e861;sku_exato;fatuex@gmail.com;true
6ac2905ce547a4267feb9c37;6a4e33d4165db6abf459b282;fabricante:6a7a4fcfa3e5992c5a5cc2c5:barra olimpica rolamento;nome;BAR-060;BARRA OLÍMPICA W C/ rolamento;6a57bd17f3c30862052b59a0;sku_exato;fatuex@gmail.com;true
6ac2905cedf32ee879e14182;6a4e33d4165db6abf459b282;fabricante:6a7a4fcfa3e5992c5a5cc2c5:06 32 anilha barra com kg montada pintadas;nome;ANI-N069;Barra Montada com Anilhas Pintadas 06 a 32 Kg;6a7b134f920160ed9c20e862;sku_exato;fatuex@gmail.com;true
6ac2905cee1b822bb9a31161;6a4e33d4165db6abf459b282;fabricante:6a7a4fcfa3e5992c5a5cc2c5:10 50 barras injetada kg monobloco montadas sextavada;nome;BAR-N019;Barras W Montadas SEXTAVADA MONOBLOCO Injetada 10 a 50 kg;6a7b13c0603b667969eea31f;sku_exato;fatuex@gmail.com;true
6ac290952522cd3b2a1ae64e;6a4e33d4165db6abf459b282;fabricante:6a7a4fcfa3e5992c5a5cc2c5:AF035;codigo;AF-035;Suporte para Anilhas Duplo - 10 a 25 Kg - carga máx. 580Kg;6ac2708ea3d41ee967220d69;sku_exato;fatuex@gmail.com;true
6ac290952e51df85d9955136;6a4e33d4165db6abf459b282;fabricante:6a7a4fcfa3e5992c5a5cc2c5:300 anilha carga kg max para reto suporte;nome;AF-032;Suporte para Anilhas - Reto - carga máx. 300 Kg;6ac2708ea3d41ee967220d66;sku_exato;fatuex@gmail.com;true
6ac290954c7f4f502b17b97b;6a4e33d4165db6abf459b282;fabricante:6a7a4fcfa3e5992c5a5cc2c5:AF034;codigo;AF-034;Suporte para Anilhas Duplo - 1 a 5 Kg - carga máx. 180Kg;6ac2708ea3d41ee967220d68;sku_exato;fatuex@gmail.com;true
6ac2909555759c94d272a256;6a4e33d4165db6abf459b282;fabricante:6a7a4fcfa3e5992c5a5cc2c5:700 anilha carga cavalete kg max para suporte;nome;AF-033;Suporte para Anilhas - Cavalete - carga máx. 700 Kg;6ac2708ea3d41ee967220d67;sku_exato;fatuex@gmail.com;true
6ac2909561df2c7e31acb618;6a4e33d4165db6abf459b282;fabricante:6a7a4fcfa3e5992c5a5cc2c5:180kg anilha carga duplo kg max para suporte;nome;AF-034;Suporte para Anilhas Duplo - 1 a 5 Kg - carga máx. 180Kg;6ac2708ea3d41ee967220d68;sku_exato;fatuex@gmail.com;true
6ac29095be8b99456bbf4675;6a4e33d4165db6abf459b282;fabricante:6a7a4fcfa3e5992c5a5cc2c5:AF032;codigo;AF-032;Suporte para Anilhas - Reto - carga máx. 300 Kg;6ac2708ea3d41ee967220d66;sku_exato;fatuex@gmail.com;true
6ac29095e845d620497921cc;6a4e33d4165db6abf459b282;fabricante:6a7a4fcfa3e5992c5a5cc2c5:AF033;codigo;AF-033;Suporte para Anilhas - Cavalete - carga máx. 700 Kg;6ac2708ea3d41ee967220d67;sku_exato;fatuex@gmail.com;true
6ac29096030f7d6db9262e8c;6a4e33d4165db6abf459b282;fabricante:6a7a4fcfa3e5992c5a5cc2c5:10 25kg 290kg anilha carga max para suporte torre;nome;AF-038;Suporte para Anilhas 1 Torre - 10 a 25Kg - carga máx. 290Kg;6ac2708ea3d41ee967220d6c;sku_exato;fatuex@gmail.com;true
6ac290961cd794575c3c78df;6a4e33d4165db6abf459b282;fabricante:6a7a4fcfa3e5992c5a5cc2c5:AF037;codigo;AF-037;Suporte para Anilhas 1 Torre - 1 a 5 Kg - carga máx. 90Kg;6ac2708ea3d41ee967220d6b;sku_exato;fatuex@gmail.com;true
6ac29096730b0753742edd83;6a4e33d4165db6abf459b282;fabricante:6a7a4fcfa3e5992c5a5cc2c5:700 anilha em furacao kg olimpica opcao para standard suporte tripla;nome;AF-039;Suporte para Anilhas TRIPLA - 700 KG (opção em furação olímpica e standard);6ac2708ea3d41ee967220d6d;sku_exato;fatuex@gmail.com;true
6ac2909674be19b72f4db988;6a4e33d4165db6abf459b282;fabricante:6a7a4fcfa3e5992c5a5cc2c5:AF041;codigo;AF-041;Suporte para Barras de Chão - 8 Barras;6ac2708ea3d41ee967220d6f;sku_exato;fatuex@gmail.com;true
6ac2909677dc5051af53f43a;6a4e33d4165db6abf459b282;fabricante:6a7a4fcfa3e5992c5a5cc2c5:900 anilha em furacao kg olimpica opcao para quadruplo standard suporte;nome;AF-040;Suporte para Anilhas QUADRUPLO - 900 KG (opção em furação olímpica e standard);6ac2708ea3d41ee967220d6e;sku_exato;fatuex@gmail.com;true
6ac2909680886c9c78d63180;6a4e33d4165db6abf459b282;fabricante:6a7a4fcfa3e5992c5a5cc2c5:barras barras chao de para suporte;nome;AF-041;Suporte para Barras de Chão - 8 Barras;6ac2708ea3d41ee967220d6f;sku_exato;fatuex@gmail.com;true
6ac290968f7f57284c5aee7b;6a4e33d4165db6abf459b282;fabricante:6a7a4fcfa3e5992c5a5cc2c5:10 25 580kg anilha carga duplo kg max para suporte;nome;AF-035;Suporte para Anilhas Duplo - 10 a 25 Kg - carga máx. 580Kg;6ac2708ea3d41ee967220d69;sku_exato;fatuex@gmail.com;true
6ac29096b9aae25c03e9314a;6a4e33d4165db6abf459b282;fabricante:6a7a4fcfa3e5992c5a5cc2c5:AF036;codigo;AF-036;Suporte para Anilhas Duplo Reforce - carga máx. 880Kg;6ac2708ea3d41ee967220d6a;sku_exato;fatuex@gmail.com;true
6ac29096c19262aec7692a0c;6a4e33d4165db6abf459b282;fabricante:6a7a4fcfa3e5992c5a5cc2c5:AF040;codigo;AF-040;Suporte para Anilhas QUADRUPLO - 900 KG (opção em furação olímpica e standard);6ac2708ea3d41ee967220d6e;sku_exato;fatuex@gmail.com;true
6ac29096c7978143aa9165ef;6a4e33d4165db6abf459b282;fabricante:6a7a4fcfa3e5992c5a5cc2c5:AF038;codigo;AF-038;Suporte para Anilhas 1 Torre - 10 a 25Kg - carga máx. 290Kg;6ac2708ea3d41ee967220d6c;sku_exato;fatuex@gmail.com;true
6ac29096d1a4d595f204c1ab;6a4e33d4165db6abf459b282;fabricante:6a7a4fcfa3e5992c5a5cc2c5:880kg anilha carga duplo max para reforce suporte;nome;AF-036;Suporte para Anilhas Duplo Reforce - carga máx. 880Kg;6ac2708ea3d41ee967220d6a;sku_exato;fatuex@gmail.com;true
6ac29096dd283d7a30e87fe6;6a4e33d4165db6abf459b282;fabricante:6a7a4fcfa3e5992c5a5cc2c5:90kg anilha carga kg max para suporte torre;nome;AF-037;Suporte para Anilhas 1 Torre - 1 a 5 Kg - carga máx. 90Kg;6ac2708ea3d41ee967220d6b;sku_exato;fatuex@gmail.com;true
6ac29096f1709e24602cd114;6a4e33d4165db6abf459b282;fabricante:6a7a4fcfa3e5992c5a5cc2c5:AF039;codigo;AF-039;Suporte para Anilhas TRIPLA - 700 KG (opção em furação olímpica e standard);6ac2708ea3d41ee967220d6d;sku_exato;fatuex@gmail.com;true
6ac29097129803ffb7408158;6a4e33d4165db6abf459b282;fabricante:6a7a4fcfa3e5992c5a5cc2c5:AF045;codigo;AF-045;Suporte para Barras Montadas - 10 Barras;6ac2708ea3d41ee967220d73;sku_exato;fatuex@gmail.com;true
6ac290971c1741e1c2f0f08a;6a4e33d4165db6abf459b282;fabricante:6a7a4fcfa3e5992c5a5cc2c5:avulsas barra barras barras montadas para parede suporte;nome;AF-043;Suporte PAREDE para Barras Montadas / Barra avulsas- 6 Barras;6ac2708ea3d41ee967220d71;sku_exato;fatuex@gmail.com;true
6ac29097301b24de214abca1;6a4e33d4165db6abf459b282;fabricante:6a7a4fcfa3e5992c5a5cc2c5:AF043;codigo;AF-043;Suporte PAREDE para Barras Montadas / Barra avulsas- 6 Barras;6ac2708ea3d41ee967220d71;sku_exato;fatuex@gmail.com;true
6ac2909733fd95d0815c6bec;6a4e33d4165db6abf459b282;fabricante:6a7a4fcfa3e5992c5a5cc2c5:10 barras barras montadas para suporte;nome;AF-045;Suporte para Barras Montadas - 10 Barras;6ac2708ea3d41ee967220d73;sku_exato;fatuex@gmail.com;true
6ac29097a3613da055cf48e9;6a4e33d4165db6abf459b282;fabricante:6a7a4fcfa3e5992c5a5cc2c5:barras barras color montadas para suporte;nome;AF-046;Suporte para Barras Montadas Color - 8 Barras;6ac2708ea3d41ee967220d74;sku_exato;fatuex@gmail.com;true
6ac29097aaef12475fa63868;6a4e33d4165db6abf459b282;fabricante:6a7a4fcfa3e5992c5a5cc2c5:AF044;codigo;AF-044;Suporte para Barras Montadas - 5 Barras;6ac2708ea3d41ee967220d72;sku_exato;fatuex@gmail.com;true
6ac29097ad4883adba21c2bf;6a4e33d4165db6abf459b282;fabricante:6a7a4fcfa3e5992c5a5cc2c5:AF042;codigo;AF-042;Suporte PAREDE para Barras Montadas / Barra avulsas- 5 Barras;6ac2708ea3d41ee967220d70;sku_exato;fatuex@gmail.com;true
6ac29097c2826664b18df487;6a4e33d4165db6abf459b282;fabricante:6a7a4fcfa3e5992c5a5cc2c5:barras barras montadas para suporte;nome;AF-044;Suporte para Barras Montadas - 5 Barras;6ac2708ea3d41ee967220d72;sku_exato;fatuex@gmail.com;true
6ac29097e999bf89e9168948;6a4e33d4165db6abf459b282;fabricante:6a7a4fcfa3e5992c5a5cc2c5:avulsas barra barras barras montadas para parede suporte;nome;AF-042;Suporte PAREDE para Barras Montadas / Barra avulsas- 5 Barras;6ac2708ea3d41ee967220d70;sku_exato;fatuex@gmail.com;true
6ac29097f1709e24602cd115;6a4e33d4165db6abf459b282;fabricante:6a7a4fcfa3e5992c5a5cc2c5:AF046;codigo;AF-046;Suporte para Barras Montadas Color - 8 Barras;6ac2708ea3d41ee967220d74;sku_exato;fatuex@gmail.com;true
6ac290981a70f6cf73f7375e;6a4e33d4165db6abf459b282;fabricante:6a7a4fcfa3e5992c5a5cc2c5:AF048;codigo;AF-048;Suporte para Barras Montadas Color - 12 Barras;6ac2708ea3d41ee967220d76;sku_exato;fatuex@gmail.com;true
6ac290981c2e01f7fa149f0f;6a4e33d4165db6abf459b282;fabricante:6a7a4fcfa3e5992c5a5cc2c5:AF052;codigo;AF-052;Suporte DESMONTÁVEL para Dumbbells Monobloco - 10 Pares;6ac2708ea3d41ee967220d7a;sku_exato;fatuex@gmail.com;true
6ac290981e890d050eeb1c59;6a4e33d4165db6abf459b282;fabricante:6a7a4fcfa3e5992c5a5cc2c5:10 barras barras color montadas para suporte;nome;AF-047;Suporte para Barras Montadas Color - 10 Barras;6ac2708ea3d41ee967220d75;sku_exato;fatuex@gmail.com;true
6ac290983cab4ec5fe05d708;6a4e33d4165db6abf459b282;fabricante:6a7a4fcfa3e5992c5a5cc2c5:AF054;codigo;AF-054;Suporte DESMONTÁVEL para Dumbbells Monobloco - 6 Pares - cap máxima;6ac2708ea3d41ee967220d7c;sku_exato;fatuex@gmail.com;true
6ac290983ed26367bbbae938;6a4e33d4165db6abf459b282;fabricante:6a7a4fcfa3e5992c5a5cc2c5:AF049;codigo;AF-049;Suporte para Barras Pump 10 Barras;6ac2708ea3d41ee967220d77;sku_exato;fatuex@gmail.com;true
6ac2909841e7ab9b54817a2c;6a4e33d4165db6abf459b282;fabricante:6a7a4fcfa3e5992c5a5cc2c5:cap desmontavel dumbbells maxima monobloco para pares suporte;nome;AF-053;Suporte DESMONTÁVEL para Dumbbells Monobloco - 5 Pares - cap máxima;6ac2708ea3d41ee967220d7b;sku_exato;fatuex@gmail.com;true
6ac290984ecb3253d736d678;6a4e33d4165db6abf459b282;fabricante:6a7a4fcfa3e5992c5a5cc2c5:AF050;codigo;AF-050;Suporte DESMONTÁVEL para Dumbbells Monobloco - 6 Pares;6ac2708ea3d41ee967220d78;sku_exato;fatuex@gmail.com;true
6ac290985ae466b08c649801;6a4e33d4165db6abf459b282;fabricante:6a7a4fcfa3e5992c5a5cc2c5:AF051;codigo;AF-051;Suporte DESMONTÁVEL para Dumbbells Monobloco - 8 Pares;6ac2708ea3d41ee967220d79;sku_exato;fatuex@gmail.com;true
6ac2909878937890d13e65f8;6a4e33d4165db6abf459b282;fabricante:6a7a4fcfa3e5992c5a5cc2c5:desmontavel dumbbells monobloco para pares suporte;nome;AF-050;Suporte DESMONTÁVEL para Dumbbells Monobloco - 6 Pares;6ac2708ea3d41ee967220d78;sku_exato;fatuex@gmail.com;true
6ac2909882fe2cccc8ed8b71;6a4e33d4165db6abf459b282;fabricante:6a7a4fcfa3e5992c5a5cc2c5:10 barras barras para pump suporte;nome;AF-049;Suporte para Barras Pump 10 Barras;6ac2708ea3d41ee967220d77;sku_exato;fatuex@gmail.com;true
6ac2909894d413e747012428;6a4e33d4165db6abf459b282;fabricante:6a7a4fcfa3e5992c5a5cc2c5:AF047;codigo;AF-047;Suporte para Barras Montadas Color - 10 Barras;6ac2708ea3d41ee967220d75;sku_exato;fatuex@gmail.com;true
6ac290989981e97030e6b9f1;6a4e33d4165db6abf459b282;fabricante:6a7a4fcfa3e5992c5a5cc2c5:10 desmontavel dumbbells monobloco para pares suporte;nome;AF-052;Suporte DESMONTÁVEL para Dumbbells Monobloco - 10 Pares;6ac2708ea3d41ee967220d7a;sku_exato;fatuex@gmail.com;true
6ac29098b48baf52d77b1efb;6a4e33d4165db6abf459b282;fabricante:6a7a4fcfa3e5992c5a5cc2c5:desmontavel dumbbells monobloco para pares suporte;nome;AF-051;Suporte DESMONTÁVEL para Dumbbells Monobloco - 8 Pares;6ac2708ea3d41ee967220d79;sku_exato;fatuex@gmail.com;true
6ac29098c9ce245b4363cf1e;6a4e33d4165db6abf459b282;fabricante:6a7a4fcfa3e5992c5a5cc2c5:AF053;codigo;AF-053;Suporte DESMONTÁVEL para Dumbbells Monobloco - 5 Pares - cap máxima;6ac2708ea3d41ee967220d7b;sku_exato;fatuex@gmail.com;true
6ac29098d6b8d3d7ec3d22d0;6a4e33d4165db6abf459b282;fabricante:6a7a4fcfa3e5992c5a5cc2c5:12 barras barras color montadas para suporte;nome;AF-048;Suporte para Barras Montadas Color - 12 Barras;6ac2708ea3d41ee967220d76;sku_exato;fatuex@gmail.com;true
6ac2909901e5f20bb75d708b;6a4e33d4165db6abf459b282;fabricante:6a7a4fcfa3e5992c5a5cc2c5:cap desmontavel dumbbells maxima monobloco para pares suporte;nome;AF-054;Suporte DESMONTÁVEL para Dumbbells Monobloco - 6 Pares - cap máxima;6ac2708ea3d41ee967220d7c;sku_exato;fatuex@gmail.com;true
6ac290991190195f0cded2dd;6a4e33d4165db6abf459b282;fabricante:6a7a4fcfa3e5992c5a5cc2c5:AF059;codigo;AF-059;Suporte para Halteres - Universal - 1 a 5 Kg;6ac2708ea3d41ee967220d81;sku_exato;fatuex@gmail.com;true
6ac290991516ed578646dd4e;6a4e33d4165db6abf459b282;fabricante:6a7a4fcfa3e5992c5a5cc2c5:10 halteres para pares suporte;nome;AF-056;Suporte para Halteres A - 10 Pares;6ac2708ea3d41ee967220d7e;sku_exato;fatuex@gmail.com;true
6ac2909921b79ccf25c92682;6a4e33d4165db6abf459b282;fabricante:6a7a4fcfa3e5992c5a5cc2c5:AF056;codigo;AF-056;Suporte para Halteres A - 10 Pares;6ac2708ea3d41ee967220d7e;sku_exato;fatuex@gmail.com;true
6ac2909934a5ae05f3272644;6a4e33d4165db6abf459b282;fabricante:6a7a4fcfa3e5992c5a5cc2c5:halteres kg para suporte universal;nome;AF-059;Suporte para Halteres - Universal - 1 a 5 Kg;6ac2708ea3d41ee967220d81;sku_exato;fatuex@gmail.com;true
6ac290993ab5f7f6e0affb14;6a4e33d4165db6abf459b282;fabricante:6a7a4fcfa3e5992c5a5cc2c5:AF055;codigo;AF-055;Suporte DESMONTÁVEL para Dumbbells Monobloco - 8 Pares - cap máxima;6ac2708ea3d41ee967220d7d;sku_exato;fatuex@gmail.com;true
6ac290993cadcaa243feb4ff;6a4e33d4165db6abf459b282;fabricante:6a7a4fcfa3e5992c5a5cc2c5:AF057;codigo;AF-057;Suporte para Halteres Reto - 5 Pares;6ac2708ea3d41ee967220d7f;sku_exato;fatuex@gmail.com;true
6ac290994be767e9c0653913;6a4e33d4165db6abf459b282;fabricante:6a7a4fcfa3e5992c5a5cc2c5:10 halteres para pares reto suporte;nome;AF-058;Suporte para Halteres Reto - 10 Pares;6ac2708ea3d41ee967220d80;sku_exato;fatuex@gmail.com;true
6ac2909956ca61fa08e333bd;6a4e33d4165db6abf459b282;fabricante:6a7a4fcfa3e5992c5a5cc2c5:AF061;codigo;AF-061;Suporte para Halteres - Universal - 1 a 10Kg;6ac2708ea3d41ee967220d83;sku_exato;fatuex@gmail.com;true
6ac290996fb03c982dbf1a79;6a4e33d4165db6abf459b282;fabricante:6a7a4fcfa3e5992c5a5cc2c5:10kg halteres para suporte universal;nome;AF-060;Suporte para Halteres - Universal - 6 a 10Kg;6ac2708ea3d41ee967220d82;sku_exato;fatuex@gmail.com;true
6ac29099a328ae17dc4e20fe;6a4e33d4165db6abf459b282;fabricante:6a7a4fcfa3e5992c5a5cc2c5:AF058;codigo;AF-058;Suporte para Halteres Reto - 10 Pares;6ac2708ea3d41ee967220d80;sku_exato;fatuex@gmail.com;true
6ac29099a6b7a49e603168f2;6a4e33d4165db6abf459b282;fabricante:6a7a4fcfa3e5992c5a5cc2c5:halteres para pares reto suporte;nome;AF-057;Suporte para Halteres Reto - 5 Pares;6ac2708ea3d41ee967220d7f;sku_exato;fatuex@gmail.com;true
6ac29099dc80a86f254979b4;6a4e33d4165db6abf459b282;fabricante:6a7a4fcfa3e5992c5a5cc2c5:AF060;codigo;AF-060;Suporte para Halteres - Universal - 6 a 10Kg;6ac2708ea3d41ee967220d82;sku_exato;fatuex@gmail.com;true
6ac29099e878189bea313df7;6a4e33d4165db6abf459b282;fabricante:6a7a4fcfa3e5992c5a5cc2c5:cap desmontavel dumbbells maxima monobloco para pares suporte;nome;AF-055;Suporte DESMONTÁVEL para Dumbbells Monobloco - 8 Pares - cap máxima;6ac2708ea3d41ee967220d7d;sku_exato;fatuex@gmail.com;true
6ac2909a2143683d18c92f83;6a4e33d4165db6abf459b282;fabricante:6a7a4fcfa3e5992c5a5cc2c5:AF065;codigo;AF-065;Suporte para Halteres - Oblongo - 1 a 10Kg;6ac2708ea3d41ee967220d87;sku_exato;fatuex@gmail.com;true
6ac2909a42fa24ca2c1145fc;6a4e33d4165db6abf459b282;fabricante:6a7a4fcfa3e5992c5a5cc2c5:10kg halteres oblongo para suporte;nome;AF-065;Suporte para Halteres - Oblongo - 1 a 10Kg;6ac2708ea3d41ee967220d87;sku_exato;fatuex@gmail.com;true
6ac2909a4d3a40e4736f878b;6a4e33d4165db6abf459b282;fabricante:6a7a4fcfa3e5992c5a5cc2c5:10kg color halteres para suporte;nome;AF-062;Suporte para Halteres - COLOR G - 1 a 10Kg;6ac2708ea3d41ee967220d84;sku_exato;fatuex@gmail.com;true
6ac2909a54597c59ace60885;6a4e33d4165db6abf459b282;fabricante:6a7a4fcfa3e5992c5a5cc2c5:10kg halteres para suporte universal;nome;AF-061;Suporte para Halteres - Universal - 1 a 10Kg;6ac2708ea3d41ee967220d83;sku_exato;fatuex@gmail.com;true
6ac2909a55e7e4910a801101;6a4e33d4165db6abf459b282;fabricante:6a7a4fcfa3e5992c5a5cc2c5:AF062;codigo;AF-062;Suporte para Halteres - COLOR G - 1 a 10Kg;6ac2708ea3d41ee967220d84;sku_exato;fatuex@gmail.com;true
6ac2909a5d1116df5ef13400;6a4e33d4165db6abf459b282;fabricante:6a7a4fcfa3e5992c5a5cc2c5:AF064;codigo;AF-064;Suporte para Halteres - Oblongo - 6 a 10 Kg;6ac2708ea3d41ee967220d86;sku_exato;fatuex@gmail.com;true
6ac2909a6ef098c18f332b44;6a4e33d4165db6abf459b282;fabricante:6a7a4fcfa3e5992c5a5cc2c5:AF067;codigo;AF-067;Suporte para Wall Ball - c/ 5 Prateleiras - Capacidade 25 bolas;6ac2708ea3d41ee967220d89;sku_exato;fatuex@gmail.com;true
6ac2909a817ca73991af3376;6a4e33d4165db6abf459b282;fabricante:6a7a4fcfa3e5992c5a5cc2c5:AF063;codigo;AF-063;Suporte para Halteres - Oblongo - 1 a 5Kg;6ac2708ea3d41ee967220d85;sku_exato;fatuex@gmail.com;true
6ac2909ac1eceac952da0294;6a4e33d4165db6abf459b282;fabricante:6a7a4fcfa3e5992c5a5cc2c5:5kg halteres oblongo para suporte;nome;AF-063;Suporte para Halteres - Oblongo - 1 a 5Kg;6ac2708ea3d41ee967220d85;sku_exato;fatuex@gmail.com;true
6ac2909ad2074111563c4122;6a4e33d4165db6abf459b282;fabricante:6a7a4fcfa3e5992c5a5cc2c5:10 halteres kg oblongo para suporte;nome;AF-064;Suporte para Halteres - Oblongo - 6 a 10 Kg;6ac2708ea3d41ee967220d86;sku_exato;fatuex@gmail.com;true
6ac2909ae47675fac02aff14;6a4e33d4165db6abf459b282;fabricante:6a7a4fcfa3e5992c5a5cc2c5:AF066;codigo;AF-066;Suporte para Wall Ball - c/ 3 Prateleiras - Capacidade 15 bolas;6ac2708ea3d41ee967220d88;sku_exato;fatuex@gmail.com;true
6ac2909ae95f04a60f28aa4d;6a4e33d4165db6abf459b282;fabricante:6a7a4fcfa3e5992c5a5cc2c5:25 ball bolas capacidade para prateleiras suporte wall;nome;AF-067;Suporte para Wall Ball - c/ 5 Prateleiras - Capacidade 25 bolas;6ac2708ea3d41ee967220d89;sku_exato;fatuex@gmail.com;true
6ac2909aec3f4955ff7c9bdc;6a4e33d4165db6abf459b282;fabricante:6a7a4fcfa3e5992c5a5cc2c5:15 ball bolas capacidade para prateleiras suporte wall;nome;AF-066;Suporte para Wall Ball - c/ 3 Prateleiras - Capacidade 15 bolas;6ac2708ea3d41ee967220d88;sku_exato;fatuex@gmail.com;true
6ac2909b16b49c6cf992e60a;6a4e33d4165db6abf459b282;fabricante:6a7a4fcfa3e5992c5a5cc2c5:SUP053;codigo;SUP-053;Suporte para Dumbbells - 6 Pares;6a57bd657fa67faa93ade177;sku_exato;fatuex@gmail.com;true
6ac2909b25ce33fbdfce43a9;6a4e33d4165db6abf459b282;fabricante:6a7a4fcfa3e5992c5a5cc2c5:SUP052;codigo;SUP-052;Suporte para Dumbbells - 5 Pares;6a57bd657fa67faa93ade176;sku_exato;fatuex@gmail.com;true
6ac2909b2bad97fa9c22f05e;6a4e33d4165db6abf459b282;fabricante:6a7a4fcfa3e5992c5a5cc2c5:anilha em halter kettlebell suporte;nome;AF-069;Suporte 3 em 1 (Anilha - Halter - Kettlebell );6ac2708ea3d41ee967220d8b;sku_exato;fatuex@gmail.com;true
6ac2909b2f197f8749c30f40;6a4e33d4165db6abf459b282;fabricante:6a7a4fcfa3e5992c5a5cc2c5:10 dumbbells para pares suporte;nome;SUP-056;Suporte para Dumbbells - 10 Pares;6a57bdb389f31864ba0fb459;sku_exato;fatuex@gmail.com;true
6ac2909b367de0e64000cc85;6a4e33d4165db6abf459b282;fabricante:6a7a4fcfa3e5992c5a5cc2c5:SUP028;codigo;SUP-028;Suporte para Kettlebell -;6a57bd657fa67faa93ade15e;sku_exato;fatuex@gmail.com;true
6ac2909b40abb5abfd3f5692;6a4e33d4165db6abf459b282;fabricante:6a7a4fcfa3e5992c5a5cc2c5:SUP055;codigo;SUP-055;Suporte para Dumbbells - 8 Pares;6a57bd657fa67faa93ade179;sku_exato;fatuex@gmail.com;true
6ac2909b520403e8b615bec5;6a4e33d4165db6abf459b282;fabricante:6a7a4fcfa3e5992c5a5cc2c5:AF070;codigo;AF-070;Suporte 4 em 1 (Anilha/ Dumb/ Halter/ Kettlebell);6ac2708ea3d41ee967220d8c;sku_exato;fatuex@gmail.com;true
6ac2909b52a752088bc8d79d;6a4e33d4165db6abf459b282;fabricante:6a7a4fcfa3e5992c5a5cc2c5:anilha barra em halter suporte;nome;AF-068;Suporte 3 em 1 (Anilha - Halter - Barra);6ac2708ea3d41ee967220d8a;sku_exato;fatuex@gmail.com;true
6ac2909b6b80431255068f18;6a4e33d4165db6abf459b282;fabricante:6a7a4fcfa3e5992c5a5cc2c5:AF069;codigo;AF-069;Suporte 3 em 1 (Anilha - Halter - Kettlebell );6ac2708ea3d41ee967220d8b;sku_exato;fatuex@gmail.com;true
6ac2909b7b8c9e1f44e1e387;6a4e33d4165db6abf459b282;fabricante:6a7a4fcfa3e5992c5a5cc2c5:AF068;codigo;AF-068;Suporte 3 em 1 (Anilha - Halter - Barra);6ac2708ea3d41ee967220d8a;sku_exato;fatuex@gmail.com;true
6ac2909b825f52b71d6f7015;6a4e33d4165db6abf459b282;fabricante:6a7a4fcfa3e5992c5a5cc2c5:dumbbells para pares suporte;nome;SUP-052;Suporte para Dumbbells - 5 Pares;6a57bd657fa67faa93ade176;sku_exato;fatuex@gmail.com;true
6ac2909ba7f48151166484f4;6a4e33d4165db6abf459b282;fabricante:6a7a4fcfa3e5992c5a5cc2c5:anilha dumb em halter kettlebell suporte;nome;AF-070;Suporte 4 em 1 (Anilha/ Dumb/ Halter/ Kettlebell);6ac2708ea3d41ee967220d8c;sku_exato;fatuex@gmail.com;true
6ac2909bccc507f12d240c70;6a4e33d4165db6abf459b282;fabricante:6a7a4fcfa3e5992c5a5cc2c5:dumbbells para pares suporte;nome;SUP-055;Suporte para Dumbbells - 8 Pares;6a57bd657fa67faa93ade179;sku_exato;fatuex@gmail.com;true
6ac2909bd6b8d3d7ec3d22d1;6a4e33d4165db6abf459b282;fabricante:6a7a4fcfa3e5992c5a5cc2c5:dumbbells para pares suporte;nome;SUP-053;Suporte para Dumbbells - 6 Pares;6a57bd657fa67faa93ade177;sku_exato;fatuex@gmail.com;true
6ac2909beff5acb5650eedc3;6a4e33d4165db6abf459b282;fabricante:6a7a4fcfa3e5992c5a5cc2c5:SUP056;codigo;SUP-056;Suporte para Dumbbells - 10 Pares;6a57bdb389f31864ba0fb459;sku_exato;fatuex@gmail.com;true
6ac2909ccb92a911db209b41;6a4e33d4165db6abf459b282;fabricante:6a7a4fcfa3e5992c5a5cc2c5:kettlebell para suporte;nome;SUP-028;Suporte para Kettlebell -;6a57bd657fa67faa93ade15e;sku_exato;fatuex@gmail.com;true
6ac2913d05a8d67cf1602649;6a4e33d4165db6abf459b282;fabricante:6a7a4fcfa3e5992c5a5cc2c5:AF019;codigo;AF-019;Barra Reta Maciça Cromada - 1" 1/8 0,40 m;6ac2708ea3d41ee967220d5b;sku_exato;fatuex@gmail.com;true
6ac2913d1a70f6cf73f738c6;6a4e33d4165db6abf459b282;fabricante:6a7a4fcfa3e5992c5a5cc2c5:20 anilha barra com presilhas preta pump sem;nome;AF-016;Barra PUMP - Preta - 1" 1,20 m com presilhas - sem Anilhas;6ac2708ea3d41ee967220d58;sku_exato;fatuex@gmail.com;true
6ac2913d29b8a6e297d5f7b9;6a4e33d4165db6abf459b282;fabricante:6a7a4fcfa3e5992c5a5cc2c5:40 barra cm com galvanizada oca presilhas;nome;AF-017;Barra Ôca 1" 40 cm Galvanizada - com presilhas;6ac2708ea3d41ee967220d59;sku_exato;fatuex@gmail.com;true
6ac2913d30f8eba0b9454e26;6a4e33d4165db6abf459b282;fabricante:6a7a4fcfa3e5992c5a5cc2c5:40 barra cm com emborrachada pegada porcas rosqueada;nome;AF-018;Barra Rosqueada 1" 40 cm com porcas - Pegada Emborrachada;6ac2708ea3d41ee967220d5a;sku_exato;fatuex@gmail.com;true
6ac2913d47789e09607ff291;6a4e33d4165db6abf459b282;fabricante:6a7a4fcfa3e5992c5a5cc2c5:AF016;codigo;AF-016;Barra PUMP - Preta - 1" 1,20 m com presilhas - sem Anilhas;6ac2708ea3d41ee967220d58;sku_exato;fatuex@gmail.com;true
6ac2913d536ac9fcb2711a7a;6a4e33d4165db6abf459b282;fabricante:6a7a4fcfa3e5992c5a5cc2c5:40 barra cromada macica reta;nome;AF-019;Barra Reta Maciça Cromada - 1" 1/8 0,40 m;6ac2708ea3d41ee967220d5b;sku_exato;fatuex@gmail.com;true
6ac2913d77a5a266906ca601;6a4e33d4165db6abf459b282;fabricante:6a7a4fcfa3e5992c5a5cc2c5:20 barra cromada macica reta;nome;AF-020;Barra Reta Maciça Cromada - 1" 1/8 1,20 m;6ac2708ea3d41ee967220d5c;sku_exato;fatuex@gmail.com;true
6ac2913dafee71429354f492;6a4e33d4165db6abf459b282;fabricante:6a7a4fcfa3e5992c5a5cc2c5:AF021;codigo;AF-021;Barra Reta Maciça Cromada - 1" 1/8 1,50 m;6ac2708ea3d41ee967220d5d;sku_exato;fatuex@gmail.com;true
6ac2913db2bd1bc1a5073a5e;6a4e33d4165db6abf459b282;fabricante:6a7a4fcfa3e5992c5a5cc2c5:AF020;codigo;AF-020;Barra Reta Maciça Cromada - 1" 1/8 1,20 m;6ac2708ea3d41ee967220d5c;sku_exato;fatuex@gmail.com;true
6ac2913dde0c4b98fdec8a07;6a4e33d4165db6abf459b282;fabricante:6a7a4fcfa3e5992c5a5cc2c5:AF018;codigo;AF-018;Barra Rosqueada 1" 40 cm com porcas - Pegada Emborrachada;6ac2708ea3d41ee967220d5a;sku_exato;fatuex@gmail.com;true
6ac2913de5b4ed9fb74f329a;6a4e33d4165db6abf459b282;fabricante:6a7a4fcfa3e5992c5a5cc2c5:AF017;codigo;AF-017;Barra Ôca 1" 40 cm Galvanizada - com presilhas;6ac2708ea3d41ee967220d59;sku_exato;fatuex@gmail.com;true
6ac2913e06998ebed02b64eb;6a4e33d4165db6abf459b282;fabricante:6a7a4fcfa3e5992c5a5cc2c5:AF030;codigo;AF-030;Presilha 1" - Zincada;6ac2708ea3d41ee967220d64;sku_exato;fatuex@gmail.com;true
6ac2913e0e83a9cc582cd169;6a4e33d4165db6abf459b282;fabricante:6a7a4fcfa3e5992c5a5cc2c5:50 barra cromada macica reta;nome;AF-021;Barra Reta Maciça Cromada - 1" 1/8 1,50 m;6ac2708ea3d41ee967220d5d;sku_exato;fatuex@gmail.com;true
6ac2913e13cdab0702687d43;6a4e33d4165db6abf459b282;fabricante:6a7a4fcfa3e5992c5a5cc2c5:AF028;codigo;AF-028;Bastão de Carga 1" 1,20 m 2 kg;6ac2708ea3d41ee967220d62;sku_exato;fatuex@gmail.com;true
6ac2913e1ee3cf9f793c5ded;6a4e33d4165db6abf459b282;fabricante:6a7a4fcfa3e5992c5a5cc2c5:AF023;codigo;AF-023;Barra Reta Maciça Cromada - 1" 1/8 2,00 m;6ac2708ea3d41ee967220d5f;sku_exato;fatuex@gmail.com;true
6ac2913e30a9c6339275d0b3;6a4e33d4165db6abf459b282;fabricante:6a7a4fcfa3e5992c5a5cc2c5:AF022;codigo;AF-022;Barra Reta Maciça Cromada - 1" 1/8 1,80 m;6ac2708ea3d41ee967220d5e;sku_exato;fatuex@gmail.com;true
6ac2913e3f9060b32799678c;6a4e33d4165db6abf459b282;fabricante:6a7a4fcfa3e5992c5a5cc2c5:20 bastao carga de kg;nome;AF-027;Bastão de Carga 1" 1,20 m 1 kg;6ac2708ea3d41ee967220d61;sku_exato;fatuex@gmail.com;true
6ac2913e7412d43819d704ea;6a4e33d4165db6abf459b282;fabricante:6a7a4fcfa3e5992c5a5cc2c5:20 bastao carga de kg;nome;AF-029;Bastão de Carga 1" 1,20 m 3 kg;6ac2708ea3d41ee967220d63;sku_exato;fatuex@gmail.com;true
6ac2913e77a5a266906ca603;6a4e33d4165db6abf459b282;fabricante:6a7a4fcfa3e5992c5a5cc2c5:AF029;codigo;AF-029;Bastão de Carga 1" 1,20 m 3 kg;6ac2708ea3d41ee967220d63;sku_exato;fatuex@gmail.com;true
6ac2913e89eedd5e6d7646c7;6a4e33d4165db6abf459b282;fabricante:6a7a4fcfa3e5992c5a5cc2c5:20 barra cromada macica reta;nome;AF-024;Barra Reta Maciça Cromada - 1" 1/8 2,20 m;6ac2708ea3d41ee967220d60;sku_exato;fatuex@gmail.com;true
6ac2913eafee71429354f493;6a4e33d4165db6abf459b282;fabricante:6a7a4fcfa3e5992c5a5cc2c5:20 bastao carga de kg;nome;AF-028;Bastão de Carga 1" 1,20 m 2 kg;6ac2708ea3d41ee967220d62;sku_exato;fatuex@gmail.com;true
6ac2913eb5ba726aab614621;6a4e33d4165db6abf459b282;fabricante:6a7a4fcfa3e5992c5a5cc2c5:00 barra cromada macica reta;nome;AF-023;Barra Reta Maciça Cromada - 1" 1/8 2,00 m;6ac2708ea3d41ee967220d5f;sku_exato;fatuex@gmail.com;true
6ac2913ebca7ce59ff80d88d;6a4e33d4165db6abf459b282;fabricante:6a7a4fcfa3e5992c5a5cc2c5:AF027;codigo;AF-027;Bastão de Carga 1" 1,20 m 1 kg;6ac2708ea3d41ee967220d61;sku_exato;fatuex@gmail.com;true
6ac2913ecb64d589467f5eaa;6a4e33d4165db6abf459b282;fabricante:6a7a4fcfa3e5992c5a5cc2c5:80 barra cromada macica reta;nome;AF-022;Barra Reta Maciça Cromada - 1" 1/8 1,80 m;6ac2708ea3d41ee967220d5e;sku_exato;fatuex@gmail.com;true
6ac2913ee0d901339154f298;6a4e33d4165db6abf459b282;fabricante:6a7a4fcfa3e5992c5a5cc2c5:AF024;codigo;AF-024;Barra Reta Maciça Cromada - 1" 1/8 2,20 m;6ac2708ea3d41ee967220d60;sku_exato;fatuex@gmail.com;true
6ac2913f0faa2ed0425d0ad8;6a4e33d4165db6abf459b282;fabricante:6a7a4fcfa3e5992c5a5cc2c5:36 jump mini molas;nome;AF-076;Mini Jump - 36 molas;6ac2708ea3d41ee967220d92;sku_exato;fatuex@gmail.com;true
6ac2913f1ee3cf9f793c5df0;6a4e33d4165db6abf459b282;fabricante:6a7a4fcfa3e5992c5a5cc2c5:AF075;codigo;AF-075;Box Jump - Pequeno;6ac2708ea3d41ee967220d91;sku_exato;fatuex@gmail.com;true
6ac2913f2072f286cf2f146b;6a4e33d4165db6abf459b282;fabricante:6a7a4fcfa3e5992c5a5cc2c5:presilha zincada;nome;AF-030;Presilha 1" - Zincada;6ac2708ea3d41ee967220d64;sku_exato;fatuex@gmail.com;true
6ac2913f353c6bc80b67d56c;6a4e33d4165db6abf459b282;fabricante:6a7a4fcfa3e5992c5a5cc2c5:90cm eva preto step;nome;AF-073;STEP EVA 90cm - Preto;6ac2708ea3d41ee967220d8f;sku_exato;fatuex@gmail.com;true
6ac2913f57f91353f90289bd;6a4e33d4165db6abf459b282;fabricante:6a7a4fcfa3e5992c5a5cc2c5:box jump pequeno;nome;AF-075;Box Jump - Pequeno;6ac2708ea3d41ee967220d91;sku_exato;fatuex@gmail.com;true
6ac2913f5edc15e5a6b00c34;6a4e33d4165db6abf459b282;fabricante:6a7a4fcfa3e5992c5a5cc2c5:AF074;codigo;AF-074;Box Jump - Grande;6ac2708ea3d41ee967220d90;sku_exato;fatuex@gmail.com;true
6ac2913f80189627980ca83c;6a4e33d4165db6abf459b282;fabricante:6a7a4fcfa3e5992c5a5cc2c5:box grande jump;nome;AF-074;Box Jump - Grande;6ac2708ea3d41ee967220d90;sku_exato;fatuex@gmail.com;true
6ac2913f88e7f5f1492bfcb5;6a4e33d4165db6abf459b282;fabricante:6a7a4fcfa3e5992c5a5cc2c5:11 presilha zincada;nome;AF-031;Presilha 11/8 - Zincada;6ac2708ea3d41ee967220d65;sku_exato;fatuex@gmail.com;true
6ac2913f9eefa014e4985083;6a4e33d4165db6abf459b282;fabricante:6a7a4fcfa3e5992c5a5cc2c5:AF077;codigo;AF-077;Wall Ball Sintético - 6 kg;6ac2708ea3d41ee967220d93;sku_exato;fatuex@gmail.com;true
6ac2913faa180735e20afc95;6a4e33d4165db6abf459b282;fabricante:6a7a4fcfa3e5992c5a5cc2c5:AF076;codigo;AF-076;Mini Jump - 36 molas;6ac2708ea3d41ee967220d92;sku_exato;fatuex@gmail.com;true
6ac2913fb2f8d96feade86d3;6a4e33d4165db6abf459b282;fabricante:6a7a4fcfa3e5992c5a5cc2c5:cm colchonete emborrachado;nome;AF-072;Colchonete emborrachado 4 cm;6ac2708ea3d41ee967220d8e;sku_exato;fatuex@gmail.com;true
6ac2913fba14d076e582204c;6a4e33d4165db6abf459b282;fabricante:6a7a4fcfa3e5992c5a5cc2c5:AF072;codigo;AF-072;Colchonete emborrachado 4 cm;6ac2708ea3d41ee967220d8e;sku_exato;fatuex@gmail.com;true
6ac2913fee8647ae90a200dc;6a4e33d4165db6abf459b282;fabricante:6a7a4fcfa3e5992c5a5cc2c5:AF031;codigo;AF-031;Presilha 11/8 - Zincada;6ac2708ea3d41ee967220d65;sku_exato;fatuex@gmail.com;true
6ac2913fef387c41e00f6dea;6a4e33d4165db6abf459b282;fabricante:6a7a4fcfa3e5992c5a5cc2c5:AF073;codigo;AF-073;STEP EVA 90cm - Preto;6ac2708ea3d41ee967220d8f;sku_exato;fatuex@gmail.com;true
6ac2914009fb8db05d1710bf;6a4e33d4165db6abf459b282;fabricante:6a7a4fcfa3e5992c5a5cc2c5:10 ball kg sintetico wall;nome;AF-079;Wall Ball Sintético - 10 kg;6ac2708ea3d41ee967220d95;sku_exato;fatuex@gmail.com;true
6ac2914011c3d42b0d725fe6;6a4e33d4165db6abf459b282;fabricante:6a7a4fcfa3e5992c5a5cc2c5:AF078;codigo;AF-078;Wall Ball Sintético - 8 kg;6ac2708ea3d41ee967220d94;sku_exato;fatuex@gmail.com;true
6ac2914013d1ad025e45f687;6a4e33d4165db6abf459b282;fabricante:6a7a4fcfa3e5992c5a5cc2c5:AF079;codigo;AF-079;Wall Ball Sintético - 10 kg;6ac2708ea3d41ee967220d95;sku_exato;fatuex@gmail.com;true
6ac2914034a5ae05f327272b;6a4e33d4165db6abf459b282;fabricante:6a7a4fcfa3e5992c5a5cc2c5:AF080;codigo;AF-080;Wall Ball Sintético - 12 kg;6ac2708ea3d41ee967220d96;sku_exato;fatuex@gmail.com;true
6ac291403a89acb5dbc99487;6a4e33d4165db6abf459b282;fabricante:6a7a4fcfa3e5992c5a5cc2c5:AF081;codigo;AF-081;Alça Tornozeleira puxador gluteos - unidade;6ac2708ea3d41ee967220d97;sku_exato;fatuex@gmail.com;true
6ac291404715cd66fbaaa6f0;6a4e33d4165db6abf459b282;fabricante:6a7a4fcfa3e5992c5a5cc2c5:ball kg sintetico wall;nome;AF-078;Wall Ball Sintético - 8 kg;6ac2708ea3d41ee967220d94;sku_exato;fatuex@gmail.com;true
6ac291404ec4f6b6cd651607;6a4e33d4165db6abf459b282;fabricante:6a7a4fcfa3e5992c5a5cc2c5:AF082;codigo;AF-082;Puxador pulley Romano - Preto;6ac2708ea3d41ee967220d98;sku_exato;fatuex@gmail.com;true
6ac2914064b45470668e35d4;6a4e33d4165db6abf459b282;fabricante:6a7a4fcfa3e5992c5a5cc2c5:12 ball kg sintetico wall;nome;AF-080;Wall Ball Sintético - 12 kg;6ac2708ea3d41ee967220d96;sku_exato;fatuex@gmail.com;true
6ac291406ba82a16ec218305;6a4e33d4165db6abf459b282;fabricante:6a7a4fcfa3e5992c5a5cc2c5:cross estribo over par preto puxador;nome;AF-083;Puxador estribo p/ Cross Over (Par) - Preto;6ac2708ea3d41ee967220d99;sku_exato;fatuex@gmail.com;true
6ac291408b1318facc9b21ba;6a4e33d4165db6abf459b282;fabricante:6a7a4fcfa3e5992c5a5cc2c5:ball kg sintetico wall;nome;AF-077;Wall Ball Sintético - 6 kg;6ac2708ea3d41ee967220d93;sku_exato;fatuex@gmail.com;true
6ac2914090c76e024159a7dd;6a4e33d4165db6abf459b282;fabricante:6a7a4fcfa3e5992c5a5cc2c5:preto pulley puxador romano;nome;AF-082;Puxador pulley Romano - Preto;6ac2708ea3d41ee967220d98;sku_exato;fatuex@gmail.com;true
6ac2914095be1f2c3065762c;6a4e33d4165db6abf459b282;fabricante:6a7a4fcfa3e5992c5a5cc2c5:AF084;codigo;AF-084;Puxador estribo p/ Cross Over (Par) - Cromado;6ac2708ea3d41ee967220d9a;sku_exato;fatuex@gmail.com;true
6ac2914095f27f7b50c153f5;6a4e33d4165db6abf459b282;fabricante:6a7a4fcfa3e5992c5a5cc2c5:alca gluteos puxador tornozeleira unidade;nome;AF-081;Alça Tornozeleira puxador gluteos - unidade;6ac2708ea3d41ee967220d97;sku_exato;fatuex@gmail.com;true
6ac29140cb2f1bb34651d5a8;6a4e33d4165db6abf459b282;fabricante:6a7a4fcfa3e5992c5a5cc2c5:cromado cross estribo over par puxador;nome;AF-084;Puxador estribo p/ Cross Over (Par) - Cromado;6ac2708ea3d41ee967220d9a;sku_exato;fatuex@gmail.com;true
6ac29140f90fc70f40c3a364;6a4e33d4165db6abf459b282;fabricante:6a7a4fcfa3e5992c5a5cc2c5:AF083;codigo;AF-083;Puxador estribo p/ Cross Over (Par) - Preto;6ac2708ea3d41ee967220d99;sku_exato;fatuex@gmail.com;true
6ac2914108dc73539d765227;6a4e33d4165db6abf459b282;fabricante:6a7a4fcfa3e5992c5a5cc2c5:de emborrachado kg mao peso;nome;ACE-N098;Peso de Mão Emborrachado 1 e 2 Kg;6a7b12dc0628997484b81626;sku_exato;fatuex@gmail.com;true
6ac29141fa3a30e276666731;6a4e33d4165db6abf459b282;fabricante:6a7a4fcfa3e5992c5a5cc2c5:ACEN098;codigo;ACE-N098;Peso de Mão Emborrachado 1 e 2 Kg;6a7b12dc0628997484b81626;sku_exato;fatuex@gmail.com;true